{"max": [0.35, 9.8, 3.35], "centroid": [-1.4973721211203057, 5.914737110105708, 1.2093991338864996], "id": "44e8212fe3d44b1ec8b200f28f6c5853", "numVertices": 8510, "min": [-3.35, 0.0, -0.583737]}
