{"max": [10.2494, 20.2455, 0.400494], "centroid": [3.583926626395901, 8.896962206328316, -6.269246244561073], "id": "1ec4566d10cc58d7a2f3410d5eb66b3d", "numVertices": 25188, "min": [-3.08055, 0.0696545, -12.9295]}
