{"max": [2.25279, 18.8976, 4.50558], "centroid": [7.591268544445516e-18, 10.239774358974362, 2.252788119658121], "id": "d24729b45b9192b8f1390d726a8b3e99", "numVertices": 117, "min": [-2.25279, 0.0, 0.0]}
