{"max": [-0.0950118, 10.0751, -0.267434], "centroid": [-1.1288348514374296, 2.942643667832169, -1.3016698892773604], "id": "2b6257595edd2e62159e1f7290c9a432", "numVertices": 5148, "min": [-2.16292, 0.931863, -2.33534]}
