{"max": [2.16292, 13.4077, 2.16292], "centroid": [1.0255690696528126, 5.173045619962878, 1.0289515105083555], "id": "de08da18d316f927a72fcffccc240663", "numVertices": 6452, "min": [-0.105518, 0.0, -0.105518]}
