{"max": [2.56315, 13.588, 4.32805], "centroid": [-0.2647422215087171, 6.9043976012678, 1.481340109286858], "id": "f584f1a14904b958ba9419f3b43eb3bd", "numVertices": 3155, "min": [-3.53141, -0.8, -1.25676]}
