{"max": [0.1778, 11.2776, 2.6162], "centroid": [-1.2143360419433742, 2.604772296399864, 1.2103175005242874], "id": "224934a28705403238cd8eb23853c009", "numVertices": 2861, "min": [-2.6162, 0.0, -0.1778]}
