{"max": [1.9558, 13.0238, 1.97095], "centroid": [0.9148313825730986, 7.085977000000001, 0.943783298245614], "id": "61dfd94f040757892606d242dcfd275a", "numVertices": 171, "min": [-0.1016, 0.659434, -0.0864542]}
