{"max": [1.8288, 8.05543, 0.0], "centroid": [0.9297865226666654, 1.8901068577777826, -0.9274360422222202], "id": "35824a59a19511c538cd8eb23853c009", "numVertices": 2250, "min": [0.0, 0.0, -1.8288]}
