{"max": [14.9838, 19.3065, 10.0026], "centroid": [8.703605752066114, 7.597006109090905, 4.78573621157024], "id": "1f1f62c52fe4d27946fb3db517d0dfc0", "numVertices": 605, "min": [2.77503, -3.07265, -0.441029]}
