{"max": [59.8575, 124.46, 78.8938], "centroid": [22.323472144333333, 61.55735384615386, 14.77372140000001], "id": "b7600836218f2556e86e8111763264e", "numVertices": 390, "min": [-11.8901, 0.0, -41.4347]}
