{"max": [25.9378, 93.5928, 2.26777], "centroid": [9.585164580952156, 46.19726143990931, -10.784036580952165], "id": "7696d47199f9055a79ea17c9c8a4feb0", "numVertices": 4410, "min": [-2.26777, 0.0, -25.9378]}
