{"max": [-7.30736, 571.267, -7.11117], "centroid": [-39.309655450928375, 504.9986683633944, -38.89729505305039], "id": "927ee8b508cde67f5ac73f8a88a91040", "numVertices": 754, "min": [-69.5905, 0.652137, -69.6417]}
