{"max": [2.0701, 9.62342, 0.1524], "centroid": [0.9570468018600182, 1.8184115757430541, -0.95686415365292], "id": "8ceb7f6e170f793f38cd8eb23853c009", "numVertices": 2086, "min": [-0.1524, 0.0, -2.0701]}
