{"max": [0.0555623, 8.88996, 1.90129], "centroid": [-0.9228217194174765, 2.8853787378640763, 0.9009634262135919], "id": "d4dae64aeda5a50f4f87ba59623453fc", "numVertices": 206, "min": [-1.90129, 0.0, -0.0555623]}
