{"max": [17.6676, 3.68, 9.92583], "centroid": [13.175832189973473, -0.9181727817713181, 7.637949822499389], "id": "a07c8e2d0127b26195405124ff912ff6", "numVertices": 4169, "min": [11.308, -7.79, 3.56628]}
