{"max": [0.0508, 26.6509, 0.0508], "centroid": [-4.58058194545454, 21.046586909090916, -12.085454200000042], "id": "c85bd50e2ac803aedfca80608ef618ad", "numVertices": 550, "min": [-9.2583, 0.0, -24.1999]}
