{"max": [1.94953, 7.43131, 1.92781], "centroid": [-0.2202525483216441, 3.515261908000313, 0.005436057657002989], "id": "34e391f9e9a72f97c5e86946f2168706", "numVertices": 13487, "min": [-3.27868, -0.876388, -1.93958]}
