{"max": [6.71376, 15.6967, 6.71376], "centroid": [-0.3833226827198773, 1.4436268258086784, 0.3906850783204484], "id": "fd6ca820662bbbf3ba10616cfe5316d6", "numVertices": 507, "min": [-6.71376, 0.0, -6.71376]}
