{"max": [10.8503, 28.1772, 12.0036], "centroid": [6.888192094813637, 15.543002504051982, 8.040880166125772], "id": "6cd9f0f548979d5160ddc468fe733ed1", "numVertices": 9872, "min": [2.92548, 0.0, 4.07882]}
