{"max": [6.38211, 15.8956, 0.0], "centroid": [3.187194140472879, 11.763336350486789, -3.2054081460361576], "id": "3735b272459f1b15db439ec9067ff33f", "numVertices": 719, "min": [0.0, 0.0, -6.38211]}
