{"max": [1.1938, 5.63818, 1.1938], "centroid": [1.2902901887430797e-17, 1.9968904876033493, -8.246387961833549e-17], "id": "75ffcdedd253c62aa86cbf46be15aeca", "numVertices": 3872, "min": [-1.1938, 0.0, -1.1938]}
