{"max": [26.1421, 24.5, 9.07107], "centroid": [8.422081204360955, 11.257785799914478, -1.4066802642146867], "id": "ce4acc0cd5f5a33cc4406905076c720", "numVertices": 11695, "min": [-2.0, -30.0, -19.0711]}
