{"max": [41.939, 32.7, 24.5222], "centroid": [0.0005231218453209684, 20.116055160108537, 0.012809803999320399], "id": "7f38c8033cc2f0854d423544e7c5cb27", "numVertices": 2948, "min": [-42.0102, 0.0, -24.5251]}
