{"max": [4.61644, 42.4207, 1.21644], "centroid": [1.699548510060359, 30.570291790744285, -1.6984324973172353], "id": "2af6c073f8b0ece92030f08aa0abc03e", "numVertices": 2982, "min": [-1.21644, -1.88, -4.61644]}
