{"max": [2.08908, 22.5125, 2.35355], "centroid": [-1.022971702598142, 13.369649031589915, 0.03338614145080284], "id": "63150ddf5088cb6a1b4b48d3a6cc767", "numVertices": 3862, "min": [-2.93063, 0.0, -2.09811]}
