{"max": [15.9078, 26.9859, 17.665], "centroid": [-14.697209234989678, 4.350385165284294, -7.648255423636096], "id": "7c78b826f0f46ef3b6b5161efde62bf9", "numVertices": 24859, "min": [-37.9371, -1.27318, -36.1798]}
