{"max": [3.66078, 36.576, 51.2446], "centroid": [-3.6174528994082884, 17.808255621301775, 22.162508757396427], "id": "15cc3d9020384e8d6e09a8e31c7575c5", "numVertices": 338, "min": [-10.9823, 0.0, 0.0]}
