{"max": [1.0668, 13.756, 0.583709], "centroid": [-5.271060781037425, 6.086436590444215, -3.0271514404164157], "id": "6e87ad11e8c3c273af621148ecacc588", "numVertices": 5379, "min": [-15.4432, 0.0, -6.67971]}
