{"max": [0.713014, 1.30492, -0.134179], "centroid": [0.15593042428198642, 0.8613445613577025, -0.42297559007832775], "id": "37d62783bdefc54a1ffedce3943a1ba2", "numVertices": 766, "min": [0.124052, 0.0, -0.723141]}
