{"max": [0.0, 3.47269, 1.38737], "centroid": [-0.8866581816933654, 2.1546780888444017, 0.7033744517162419], "id": "7635df079a9d126ff9c0f9cbb10e38a2", "numVertices": 3496, "min": [-1.40664, 0.0, 0.0]}
