{"max": [0.0, 55.2745, 0.0], "centroid": [-19.125869483326554, 13.61636604132919, -13.044688410688908], "id": "376cc07140ada8e0b21a5c4b7083cf07", "numVertices": 7329, "min": [-38.3458, -2.1082e-06, -17.9744]}
