{"max": [2.68829, 0.382151, -4.55751], "centroid": [2.0908042851226702, 0.24025631245470372, -5.1543606688063], "id": "d9b4d966b63ba5e12a83093ac1bb2d64", "numVertices": 9659, "min": [1.97477, 0.102024, -5.27102]}
