{"max": [9.144, 13.4112, 0.0], "centroid": [4.63155597972973, 9.409423918918911, -5.3110931756756745], "id": "de24d2498ff052c3fe10598e9bcc69e4", "numVertices": 296, "min": [0.0, 0.0, -9.144]}
