{"max": [3.01623, 10.5, 2.81747], "centroid": [1.3261218533719126, 4.5638876574074025, 1.2598505989197566], "id": "614ea50301bf9179514f720d40bfbeb2", "numVertices": 1296, "min": [-0.086782, 0.0, -0.284544]}
