{"max": [28.5402, 29.4005, 0.0381], "centroid": [15.748003939916792, 6.234368845338318, -9.79589968994176], "id": "70ea9d97de7de827221d54273fff89cf", "numVertices": 54409, "min": [-0.0381, 0.0, -21.2483]}
