{"max": [0.0, 671.019, 106.662], "centroid": [-55.57465064856664, 521.3137673604776, 53.436751131221236], "id": "166bd86229867093031b562a9def0c1", "numVertices": 3315, "min": [-106.662, 0.0, 0.0]}
