{"max": [0.0, 36.5951, 0.0], "centroid": [-9.552161436781596, 22.177830028735634, -8.237098304597682], "id": "f01c3ee2b1210cafdb3180683be7ca4f", "numVertices": 696, "min": [-14.8273, 0.0, -15.0368]}
