{"max": [8.26205, 54.465, 7.00001], "centroid": [2.6869509127200577, 26.141098162658214, -1.1732531162856417], "id": "a2beb5f14190c1702637f1559971e0a6", "numVertices": 4033, "min": [-7.12427, -3.23215, -7.25967]}
