{"max": [0.0, 20.7264, 6.096], "centroid": [-3.73410157913669, 14.375341007194228, 3.042810104316547], "id": "4d1af8461018b714579e0a60e99d2683", "numVertices": 278, "min": [-6.94221, 0.0, 0.0]}
