{"max": [2.01953, 16.6326, 2.52327], "centroid": [-1.0564295719065726, 6.844233990271595, -1.3686418961932854], "id": "3668753b904e53c4b96aa5dc23c036c", "numVertices": 4196, "min": [-4.93861, 0.0, -7.97448]}
