{"max": [0.0, 19.0802, 0.0], "centroid": [-9.16319557954545, 5.950974232954545, -6.904210835227288], "id": "64f50754e6b67305ea3f1ffc49ae6b01", "numVertices": 352, "min": [-23.7998, 0.0, -13.4715]}
