{"max": [1.524, 12.5441, 1.524], "centroid": [-2.576626814829715e-17, 7.831109692832816, -5.768991655262119e-17], "id": "17f5482dd8b9dbddc850800ac472a578", "numVertices": 586, "min": [-1.524, 0.0, -1.524]}
