{"max": [1911.87, 11037.4, 287.959], "centroid": [758.6718200789742, 5616.51670649733, -762.3572740220645], "id": "aec546edcda7c5abe579ef1e3d185e3c", "numVertices": 861, "min": [-382.951, 0.0169771, -1818.72]}
