{"max": [2.4384, 7.51689, 1.20307], "centroid": [-0.08354113495514513, 6.632470659630609, 0.05998963234828492], "id": "f982e86909ed9e7f2c8891dbc3e6988a", "numVertices": 379, "min": [-1.38906, 0.0, -1.23533]}
