{"max": [3.6703, 31.7899, 3.75861], "centroid": [0.0016679748108925517, 26.135837429652398, 0.07049942716696311], "id": "3f95f49a3c400e9eebde864f704d194b", "numVertices": 2644, "min": [-3.61315, -0.43815, -3.73439]}
