{"max": [3.36389, 8.5979, -0.799624], "centroid": [2.340638765432099, 5.607882345679012, -1.805602456790124], "id": "dcc345e983796eeecb9157ba706d9589", "numVertices": 81, "min": [1.33189, 0.0, -2.83162]}
