{"max": [239.868, 492.976, 1052.96], "centroid": [104.29005309139778, 289.81264354838635, 570.9251870967726], "id": "c6e94a8464305378cedded8270815eaf", "numVertices": 744, "min": [-31.2887, 0.0, 82.9723]}
