{"max": [15.2, 30.4959, 26.8664], "centroid": [7.942452023334651, 5.129604028173112, 13.45884702097589], "id": "3defb00d43c0ebc853b60a2c38c44521", "numVertices": 34849, "min": [-0.000862896, 0.0, -0.9]}
