{"max": [99.1435, 19.6797, -57.3628], "centroid": [92.54235655737698, 6.96697580327869, -63.99552950819669], "id": "c2a2b8c3b9884d5095c46bada0d9437f", "numVertices": 122, "min": [85.8387, 0.0, -70.6676]}
