{"max": [2.0, 8.52, 2.00606], "centroid": [-1.1129932647058836, 5.697664728506781, -0.6857121515837102], "id": "2ecb6add2316f940ffad7221e3cdb3ef", "numVertices": 442, "min": [-2.07546, 0.0, -2.08211]}
