{"max": [7.40505, 13.5615, 0.0], "centroid": [3.110125109090355, 9.21437790727688, -3.008349760164003], "id": "8cf718ed6a5fefd8fcaad7f5ff5ee65c", "numVertices": 5964, "min": [0.0, 0.0, -6.09711]}
