{"max": [3.99206, 8.21417, -18.676], "centroid": [1.5917282329374989, 6.212482037500002, -21.188169062500016], "id": "64942df95c33b2911dacca859c0fc7c", "numVertices": 320, "min": [-0.534335, 0.761836, -23.3744]}
