{"max": [-0.0417522, 1.15159, 0.220643], "centroid": [-0.40747808544639114, 0.421791148471263, 0.029464198600285353], "id": "9ac90e8814cfe72dca7b89674ac5c6e2", "numVertices": 2453, "min": [-0.662458, 0.0, -0.164998]}
