{"max": [1.7, 3.18625, 1.7], "centroid": [-2.2657612747452175e-17, 1.1131887755102043, 3.398641912117826e-18], "id": "759121663da89b5e7cb17ae4c4c3b9d7", "numVertices": 49, "min": [-1.7, 0.0, -1.7]}
