{"max": [0.127, 7.9629, 1.4986], "centroid": [-0.6858000047752781, 1.4888048876404494, 0.6753116985955053], "id": "e3f5234bfe086a3438cd8eb23853c009", "numVertices": 712, "min": [-1.4986, 0.0, -0.127]}
