{"max": [95.6895, 516.0, 38.0918], "centroid": [55.18922836238175, 231.18926061328304, 14.336728164403947], "id": "1ebb17d0790e384844e2f9503fe415b5", "numVertices": 54396, "min": [17.6507, 0.0, -32.9013]}
