{"max": [12.1984, 38.1845, 3.19423], "centroid": [4.633791778389241, 15.548070489508039, -4.6140806657170605], "id": "92e4cc97df1ebe141203ec4ca6ccf208", "numVertices": 19552, "min": [-5.59223, 0.0, -12.3809]}
