{"max": [0.0965378, 17.4629, 0.0965378], "centroid": [-1.5252239528014269, 7.61238434365946, -1.5255220873947015], "id": "f3b26a49739b20a08b7e02a440eafc36", "numVertices": 4487, "min": [-3.14454, 0.0, -3.14454]}
