{"max": [0.794311, 7.83399, 0.793359], "centroid": [0.007671918254385874, 2.5892024364912385, 0.0017078008157894804], "id": "8af5e20ddd4ac314d3e8c09edf9de80a", "numVertices": 1140, "min": [-0.812239, -0.893533, -0.813191]}
