{"max": [2.70018, 12.4856, 2.69953], "centroid": [1.3358364692982472, 3.1914344655745683, 1.3333556315789463], "id": "9151fdcecbac4d2fbfde35fcbc037c53", "numVertices": 456, "min": [0.0, 0.0, 0.0]}
