{"max": [8.31, 19.94, 19.39], "centroid": [2.7702999100642347, 12.714850107066379, 4.44522554175591], "id": "46a090f0bd14180bf1a48a667d61ced6", "numVertices": 467, "min": [-2.77, 0.0, -3.93]}
