{"max": [6.84349, 48.4735, 0.695836], "centroid": [3.8203201786115346, 31.285544399710478, -2.287758596212096], "id": "3a1e36329722686c2c406efbeb1811b0", "numVertices": 4451, "min": [0.834807, -0.00326075, -5.29369]}
