{"max": [0.0, 25.0073, 0.0], "centroid": [-2.0973775136733215, 13.05093772949006, -2.5073611899482606], "id": "a422b6788bb8b2d5663d09b37dd6bd68", "numVertices": 1353, "min": [-5.0, 0.75, -5.0]}
