{"max": [0.237082, 1.05848, 0.24074], "centroid": [0.11851288619704364, 0.8523744515599307, 0.1203982579293925], "id": "614ba760fb825f93ad5067eac75a07f7", "numVertices": 1218, "min": [0.0, 0.0, 0.0]}
