{"max": [2.68212, 13.0179, 6.08344], "centroid": [-1.0546411649668603, 4.289614736163364, 1.3705098650266923], "id": "149f13db5c358ecfde1c31612629d3dc", "numVertices": 5583, "min": [-4.10435, 0.0, -3.02102]}
