{"max": [17.0493, 29.8741, 23.143], "centroid": [3.653235144441762, 2.7713209619191534, -1.137765600112247], "id": "5495ec547c13d8f2de1c31612629d3dc", "numVertices": 1657, "min": [-23.7351, -1.397, -17.6415]}
