{"max": [3.25686, 22.9552, 2.86806], "centroid": [0.025767461764705776, 7.555573529411765, -0.13173194411764708], "id": "4fc1268f6aa26fd76ec5e0e1e130ecd8", "numVertices": 34, "min": [-3.20735, 0.0, -3.13648]}
