{"max": [-0.00021024, 14.8526, -0.0178432], "centroid": [-1.467569878993914, 4.241468564614059, -1.485766822549851], "id": "47ce1a5380447249c26ade84d8048a3", "numVertices": 2306, "min": [-2.93526, 0.0, -2.95289]}
