{"max": [6.95333, 6.34365, -0.12957], "centroid": [4.028747223955038, 2.398393054928237, -2.8255159025265137], "id": "e7a492bbc4838de285c7c66844cba238", "numVertices": 6412, "min": [1.73457, 0.0, -5.34832]}
