{"max": [-2.1211, 16.92, -5.14699], "centroid": [-5.375297599667783, 8.357423182724219, -8.380021710963446], "id": "88b8559c748d1d326eaa9b51f546908e", "numVertices": 1204, "min": [-8.69975, 0.0, -11.5746]}
