{"max": [8.02357, 8.74389, 5.0401], "centroid": [6.3601719579776645, 5.435431719172578, 3.505552853578466], "id": "df8591577e0ef1095ae4226ec4ca9d4d", "numVertices": 7615, "min": [4.54155, -0.627579, 1.89268]}
