{"max": [1.89864, 7.65172, 1.89864], "centroid": [0.9079699096774185, 2.382096319947339, 0.9182462441079561], "id": "dd36bd331fce23aa5a4e821f5ddcc98f", "numVertices": 1519, "min": [-0.0571498, 0.0, -0.0571498]}
