{"max": [1.39832, 1.46403, 1.39832], "centroid": [-0.23151181978303775, 0.45482503451676576, -0.5622471862386575], "id": "90e931890719c1b43d36e0a1be1c720", "numVertices": 1014, "min": [-1.55339, -0.13, -1.64942]}
