{"max": [8.63549, 11.3159, 8.10419], "centroid": [5.589167629029708, 3.4616259413213064, 4.979420286644395], "id": "c47a34f2a3acdc0bce8973e274e9f27f", "numVertices": 12594, "min": [2.53948, 0.3048, 1.84806]}
