{"max": [28.8157, 159.944, 32.7152], "centroid": [-2.342778289285714, 62.874067446428626, -36.74469188392858], "id": "547e1ef6922840b23899914213d0efde", "numVertices": 112, "min": [-37.2212, -1.28131, -94.694]}
