{"max": [8.52527, 14.2758, 4.24856], "centroid": [4.970325726495722, 9.925452059829055, -0.715227498504274], "id": "6372299ee506123b52f2aeb043ecdce8", "numVertices": 468, "min": [0.0, 0.0, -4.27671]}
