{"max": [5.97726, 92.3122, 4.95162], "centroid": [-2.9016130299845586, 55.652704002877456, -3.771296238989255], "id": "6d69bdc0bd266b7af7f1024a921d6d8", "numVertices": 12957, "min": [-12.0581, -4.433e-05, -12.7024]}
