{"max": [-0.0298474, 1.20145, 0.202234], "centroid": [-0.3687854856641307, 0.3727259638385044, 0.005680935624926878], "id": "90143acb141fb1cb4292de5cdfae65e2", "numVertices": 1709, "min": [-0.628742, 0.0498548, -0.183237]}
