{"max": [0.1524, 9.6012, 1.9812], "centroid": [-0.9264639437036896, 1.8493914289562297, 0.8979926666666599], "id": "800f8586461b18c238cd8eb23853c009", "numVertices": 1485, "min": [-1.9812, 0.0, -0.1524]}
