{"max": [-3.13514, 28.52, 10.946], "centroid": [-10.218130935901204, 15.218507478182337, 6.28470832079451], "id": "f679821836f140f39ebe905ef4009f84", "numVertices": 3323, "min": [-21.0885, 0.0, 2.94598]}
