{"max": [31.4291, 38.0, 22.2787], "centroid": [-0.025177742621086706, 24.270270082622044, 0.0025161562832617863], "id": "edf288c16aa9797a4d423544e7c5cb27", "numVertices": 2929, "min": [-31.7141, 0.0, -22.158]}
