{"max": [6.89189, 10.9797, 16.9175], "centroid": [-1.735457121239615, 6.206948311413465, 10.179457301587275], "id": "4059fb45b27d8b1f148a76a78b10eb5d", "numVertices": 1323, "min": [-8.93603, 0.0, 3.53379]}
