{"max": [0.0, 70.1321, 0.0], "centroid": [-9.961519687314743, 49.7343036638991, -10.022111066047877], "id": "6b78705cd18a7b7767b959cddc3d22e", "numVertices": 6141, "min": [-19.8756, 0.0, -19.8756]}
