{"max": [0.0380089, 18.5452, -6.34576], "centroid": [-2.70775811828255, 15.162360775623254, -8.735498559556785], "id": "f14b153ab99da1bb73a921481ee71edc", "numVertices": 361, "min": [-5.25989, 0.0, -11.1928]}
