{"max": [0.0, 11.0455, 0.0], "centroid": [-1.9273221940308272, 5.030270429023536, -1.3243502124898645], "id": "1fc436fd53db26d667ff3be08608de4d", "numVertices": 1233, "min": [-3.27113, 0.0, -3.19352]}
