{"max": [0.0, 10.0631, 3.69122], "centroid": [-1.8686025055432376, 2.2999580487804954, 1.8527010332594251], "id": "8b5f398ede93e1fd8da631348bdc760a", "numVertices": 451, "min": [-3.69122, 0.0, 0.0]}
