{"max": [10.4962, 0.0, 12.119], "centroid": [10.181855, -0.7328715555555558, 11.93474444444444], "id": "4884377f5433a9324f2ea904df2fe040", "numVertices": 36, "min": [9.86754, -1.40537, 11.7505]}
