{"max": [5.76027, 19.7155, 1.11789], "centroid": [1.3958256439354555, 9.954665938617241, -3.24784558105473], "id": "dd82af6c4dc9e26cd9bc2d75eb1cab87", "numVertices": 11469, "min": [-2.97484, 0.0, -7.61722]}
