{"max": [0.0762, 8.05188, 0.0762], "centroid": [-0.8549160411924165, 1.08500129376694, -0.8621275731707287], "id": "64ae93807abcaaa38cd8eb23853c009", "numVertices": 738, "min": [-1.8034, 0.0, -1.8034]}
