{"max": [10.668, 49.6824, 14.9031], "centroid": [5.333999871794846, 37.73464627039643, 7.3063272832167545], "id": "d143fcdf4e9810f13488053ccea5d42b", "numVertices": 1716, "min": [0.0, 0.0, 0.0]}
