{"max": [2.89225, 8.47786, 3.18889], "centroid": [1.2342607077602967, 5.174778650632302, 1.5368727972890157], "id": "75f72747ea9ea6cc459aed24ffc76d42", "numVertices": 12099, "min": [-0.40039, 0.233431, -0.10375]}
