{"max": [2.61426, 8.87835, 2.584], "centroid": [1.3102322066102803, 6.2685992824336845, 1.2782784127034847], "id": "48d4e52fb735e6b6599d77531b1d13a9", "numVertices": 3133, "min": [0.00116897, -1.69333e-08, -0.0290921]}
