{"max": [-2.29561, 52.3647, 3.73655], "centroid": [-11.023570142883115, 27.515570116217702, -5.252646562602453], "id": "4264b506533b1e2e473f10e6caaeca56", "numVertices": 10988, "min": [-21.6622, -0.63983, -14.2607]}
