{"max": [20.3969, 11.3411, 19.1556], "centroid": [18.23263705882353, 8.906152647058812, 17.007784705882347], "id": "10be0ff0e5eb12584edd82d34d189d0d", "numVertices": 170, "min": [16.0916, 0.0, 14.8503]}
