{"max": [0.382238, 1.3928, 1.20298], "centroid": [-0.24230587457942254, 0.7798048862815888, 0.5839900848120958], "id": "aa20fa2c82a588d381b0d56f7467d8ca", "numVertices": 554, "min": [-0.863256, -0.232223, -0.0425187]}
