{"max": [2.78849, 6.91691, 0.350093], "centroid": [1.2115574724038474, 4.43464050384616, -1.1568114937884648], "id": "ab10a5607c25e6b0d730ccbc8780d609", "numVertices": 1040, "min": [-0.203789, 0.011176, -2.64219]}
