{"max": [0.079375, 0.216192, 0.066477], "centroid": [0.006292080631490978, 0.17891147496703363, -0.006489746725791203], "id": "40ec49e3e3147508ca9081e720bd7dff", "numVertices": 27300, "min": [-0.066675, 0.0, -0.079375]}
