{"max": [0.123825, 13.0928, 0.123825], "centroid": [-1.1383474607620536, 4.355266428324468, -1.1429373851371307], "id": "b88387c316d85bf6544a7584e1bfdef4", "numVertices": 11566, "min": [-2.40982, 0.0, -2.40982]}
