{"max": [7.20117, 30.3958, 11.7678], "centroid": [-0.3005150428362568, 15.310555903405428, 7.271775925438681], "id": "283c8fd32d9b9a95c2c6f10e262c6c44", "numVertices": 6840, "min": [-2.76839, -0.0154439, 2.80485]}
