{"max": [8.99282, 20.5676, 11.0123], "centroid": [4.95343306733167, 14.442286428927744, 7.6693535910224435], "id": "7feb6c263e565cfb16a06efd4ad41db2", "numVertices": 401, "min": [1.27492, 0.0, 3.29406]}
