{"max": [1.524, 17.6321, 6.54408], "centroid": [-3.2058478564270207, 10.69372659891071, 4.384182481481483], "id": "acc8313c1f285a51d3a20b36eab6731d", "numVertices": 918, "min": [-4.87989, 0.0132866, 0.0]}
