{"max": [0.614027, 7.51246, 11.0465], "centroid": [-2.463634165166151, 4.2672120424667765, 8.901668432422353], "id": "9c3a256496120013d444bcd674952301", "numVertices": 5416, "min": [-3.87926, 0.0, 6.75715]}
