{"max": [1.2446, 7.62, 0.0254], "centroid": [0.6140019936254976, 0.6344614159362535, -0.5936617498007963], "id": "6d43d4642c7a474638cd8eb23853c009", "numVertices": 502, "min": [-0.0254, 0.0, -1.2446]}
