{"max": [0.147638, 6.87226, 0.115888], "centroid": [-0.6299305707389901, 1.8967121741763173, -1.1705378147818284], "id": "607a0e44587e043a3e974a0808687b8c", "numVertices": 5615, "min": [-5.98319, 0.0, -4.1402]}
