{"max": [38.4953, 411.862, 91.3704], "centroid": [-30.69718102272729, 151.69940530303018, 44.81511787878788], "id": "9e72b97a5af45ded7c272b953086dacf", "numVertices": 132, "min": [-81.7917, 0.0, 1.07643]}
