{"max": [-0.944907, 15.6011, -1.29792], "centroid": [-2.54168019752292, 10.637535097313798, -2.8946905517130443], "id": "b13143d5f71e38d24738aee9841818fe", "numVertices": 6217, "min": [-4.13846, 0.0, -4.49147]}
