{"max": [0.777875, 5.09746, 0.719138], "centroid": [0.32275366284062457, 1.3538853937500017, 0.31132123871874995], "id": "5bae6e286a9ce96de6bffcc6da770837", "numVertices": 640, "min": [-0.128588, 0.0, -0.12065]}
