{"max": [18.5667, 8.53715, 32.5473], "centroid": [14.630391973969672, 5.875942299349241, 29.361169414316674], "id": "9024bb81d726d584dfda46c9a34dab22", "numVertices": 461, "min": [12.4707, 0.0, 26.4513]}
