{"max": [-0.14016, 0.94615, 0.209764], "centroid": [-0.5973600957446821, 0.4730750000000004, -0.24743597462765907], "id": "99316252e1dfbde1d810b14a81e12eca", "numVertices": 752, "min": [-1.05456, 0.0, -0.704636]}
