{"max": [5.05958, 52.813, 6.08571], "centroid": [1.5765990325903445, 38.967657320872256, 2.6233704704049874], "id": "8b52d84dc97eb3a74740473002adcaee", "numVertices": 642, "min": [-1.93717, 0.0, -0.69034]}
