{"max": [3.25422, 13.1414, 3.25422], "centroid": [1.5200043141266375, 7.377778961587148, 1.5309935595466428], "id": "10312d9d07db5d9a4159aeb47682f2cb", "numVertices": 4738, "min": [-0.206215, -0.0762, -0.206215]}
