{"max": [9.12008, 15.5258, 2.93398], "centroid": [6.129131179321467, 11.982724814216498, 0.02423099948303706], "id": "5b0dc77df3bd924c25ed5c2b422915db", "numVertices": 1238, "min": [3.3757, 0.0, -2.64038]}
