{"max": [1.0, 2.5, 1.0], "centroid": [2.2657612747452172e-18, 1.030612244897959, -2.718913529694261e-17], "id": "a739f388def3e027a72b66695a920fe2", "numVertices": 49, "min": [-1.0, 0.0, -1.0]}
