{"max": [2.7671, 187.323, 23.0592], "centroid": [-28.908038319110783, 96.54134790633049, -7.663444274379754], "id": "8074bede148f1cbf8a982597ea241696", "numVertices": 5039, "min": [-63.6433, -0.04384, -43.3512]}
