{"max": [10.7, 93.38, 5.075], "centroid": [0.005214290983640798, 61.59342542296033, 0.0008216310334322056], "id": "8956ecd996dc60af97802b1c3f15658f", "numVertices": 64668, "min": [-10.7, 0.0, -5.075]}
