{"max": [-8.19013, 12.4968, -16.2049], "centroid": [-8.801490999999997, 7.235120000000001, -16.816276666666667], "id": "48a1e31e57862a63ff679899febcb0d4", "numVertices": 60, "min": [-9.40933, 6.51053, -17.4241]}
