{"max": [1.0, 2.8794, 0.9], "centroid": [-0.09613114541604018, 0.7065820220551376, 0.19404182385965182], "id": "b8a35075f420cc7066ea44c6d828197f", "numVertices": 1995, "min": [-1.06139, -0.975, -0.885787]}
