{"max": [1.6256, 9.525, 0.1016], "centroid": [0.7917719541832644, 1.74017972111554, -0.7848400816733018], "id": "fe5ca50ef83ab52438cd8eb23853c009", "numVertices": 1004, "min": [-0.1016, 0.0, -1.6256]}
