{"max": [8.3073, 23.3733, 8.3073], "centroid": [-0.0007417950529148608, 15.58452417325647, 0.0002773511226966951], "id": "58695979fe916c43327144edfb578d92", "numVertices": 90825, "min": [-8.3073, 0.140244, -8.3073]}
