{"max": [182.969, 540.19, 122.249], "centroid": [101.95517383738986, 352.0658306576988, 27.6495014085966], "id": "7344d6188932b2de72f6aef300d24d64", "numVertices": 1931, "min": [1.57895, 0.0, -59.1412]}
