{"max": [-0.0192657, 15.9332, -0.0545556], "centroid": [-3.313740179912599, 7.906824840561088, -2.568940261197462], "id": "76377cf0dc70d027e7abbab3021b6409", "numVertices": 9837, "min": [-5.01926, -0.589, -5.05455]}
