{"max": [0.998434, 10.2235, -2.49429], "centroid": [-6.595220837916404, 2.4624946734160753, -6.906395649901996], "id": "17e229dbb42786e6b164f257e05e5435", "numVertices": 1531, "min": [-15.6576, 0.0, -11.2636]}
