{"max": [-90.1483, 217.394, 186.808], "centroid": [-125.08703865494002, 133.9583083132269, 169.1828101502309], "id": "28685f1adb96fb1eb6eefc259009d337", "numVertices": 12847, "min": [-149.295, 0.0, 141.887]}
