{"max": [9.30415, 19.5726, -3.41457], "centroid": [5.43664759746147, 11.543032485947519, -5.633282484134195], "id": "5da1ddcc8d5f62577f5d4139a48ddb6f", "numVertices": 1103, "min": [1.60415, 0.0, -7.87457]}
