{"max": [0.812684, 6.29919, 0.0], "centroid": [0.4063839586206896, 1.19861444137931, -0.40639996551724134], "id": "9b1903c94dc60e7e38cd8eb23853c009", "numVertices": 29, "min": [0.0, 0.0, -0.8128]}
