{"max": [0.1016, 7.9629, 1.4732], "centroid": [-0.6856919361702121, 1.1753580085106392, 0.6776936382978722], "id": "1683c5bc839969f438cd8eb23853c009", "numVertices": 470, "min": [-1.4732, 0.0, -0.1016]}
