{"max": [1.00438, 1.97254, 1.00438], "centroid": [-0.10746650584827587, 1.2881019475862119, 0.001405764786206866], "id": "19e66890128da2d629647c2672d3167a", "numVertices": 725, "min": [-1.16822, 0.0, -1.00438]}
