{"max": [3.47954, 32.9755, 3.47954], "centroid": [0.03589190429447846, 26.70427914110427, 0.011825711656441694], "id": "a0cc96c45bc569d9ebc1e59456a1eaad", "numVertices": 163, "min": [-3.47954, 0.0, -3.47954]}
