{"max": [-0.694451, 14.23, -0.485291], "centroid": [-15.071133272727277, 4.144242424242429, -14.721007111111115], "id": "e5819354e7ddc4a2545370dbbc80d144", "numVertices": 99, "min": [-29.4406, 0.0, -29.2314]}
